model,dataset,sampling_method,sampling_ratio,train_positive_count,train_negative_count,scale_pos_weight,accuracy,precision,recall,f1,roc_auc,pr_auc
Logistic Regression,Test,Baseline,Original,10602,689398,65.02527824938691,0.6918630813691863,0.02612108344592421,0.6005917159763313,0.050064738886491156,0.6887420313224564,0.026978243512388797
XGBoost,Test,Baseline,Original,10602,689398,65.02527824938691,0.7432825671743283,0.03309783443403471,0.6375739644970414,0.06292889472915754,0.7544233879295075,0.052501823176144165
