model,dataset,sampling_method,sampling_ratio,train_positive_count,train_negative_count,scale_pos_weight,accuracy,precision,recall,f1,roc_auc,pr_auc,over_sampling_ratio,under_sampling_ratio
XGBoost,Test,Baseline,Original,10602,689398,65.02527824938691,0.7432825671743283,0.0330978344340347,0.6375739644970414,0.0629288947291575,0.7544233879295075,0.0525018231761441,,
XGBoost,Test,RandomUnderSampling,0.5,10602,21204,2.0,0.6957730422695773,0.0311280281281248,0.7137573964497042,0.0596544369919327,0.7632774703402734,0.0465976355198608,,
XGBoost,Test,RandomOverSampling,1.0,689398,689398,1.0,0.7445425545744543,0.0332227195554869,0.6368343195266272,0.0631509461640017,0.7530504722349234,0.0482584234586027,,
XGBoost,Test,HybridSampling,,68939,344695,5.0,0.7442725572744272,0.0319251729602288,0.6109467455621301,0.0606795224977043,0.7482153156901215,0.0487413502318125,0.1,0.2
