sampling_method,sampling_ratio,over_sampling_ratio,under_sampling_ratio,pr_auc,precision,recall,f1
Baseline,Original,,,0.0747480800219178,0.0561728271927549,0.6039030666952606,0.1027849764572763
HybridSampling,,0.1,0.2,0.0770187248385369,0.0572675809280816,0.616126956894703,0.1047947329065674
RandomOverSampling,1.0,,,0.076486382017543,0.0564316666336888,0.6116234184001715,0.1033295895076265
RandomUnderSampling,0.5,,,0.0771108548663095,0.0529885471934614,0.6618057044820931,0.0981208864583002
