model,dataset,sampling_method,sampling_ratio,train_positive_count,train_negative_count,scale_pos_weight,accuracy,precision,recall,f1,roc_auc,pr_auc
XGBoost,Test,RandomUnderSampling,0.05,10602,212040,20.0,0.7361526384736152,0.03273976182476575,0.6486686390532544,0.06233341625501972,0.7560748260778263,0.050160825714918034
XGBoost,Test,RandomUnderSampling,0.3,10602,35340,3.3333333333333335,0.7157928420715793,0.031629580925355574,0.6760355029585798,0.06043174980991107,0.7594217516218071,0.04715933225494209
XGBoost,Test,RandomUnderSampling,0.1,10602,106020,10.0,0.7299427005729943,0.03216864833321176,0.6523668639053254,0.061313868613138686,0.7552295716310791,0.04706774085988209
XGBoost,Test,RandomUnderSampling,0.7,10602,15145,1.4285040558385211,0.6914430855691444,0.030758954131942236,0.7152366863905325,0.058981396767307105,0.7652509853385511,0.046909834202710186
XGBoost,Test,RandomUnderSampling,0.5,10602,21204,2.0,0.6957730422695773,0.031128028128124898,0.7137573964497042,0.05965443699193274,0.7632774703402734,0.04659763551986089
XGBoost,Test,RandomUnderSampling,0.2,10602,53010,5.0,0.7365226347736523,0.03275011215791835,0.6479289940828402,0.062348754448398575,0.7531953399000377,0.046565285176484346
XGBoost,Test,RandomUnderSampling,1.0,10602,10602,1.0,0.6761132388676113,0.029471513901943542,0.7189349112426036,0.056621908950572335,0.7584126114817096,0.04391381669778781
