model,dataset,sampling_method,sampling_ratio,train_positive_count,train_negative_count,scale_pos_weight,accuracy,precision,recall,f1,roc_auc,pr_auc
XGBoost,Validation,RandomUnderSampling,0.5,10602,21204,2.0,0.7163485817429087,0.052988547193461424,0.6618057044820931,0.09812088645830021,0.7517457675945358,0.07711085486630954
XGBoost,Validation,RandomUnderSampling,0.2,10602,53010,5.0,0.7467237336186681,0.05662669185979254,0.6298520265923225,0.1039112667834209,0.7512774257468422,0.07683559595019278
XGBoost,Validation,RandomUnderSampling,0.05,10602,212040,20.0,0.752038760193801,0.05630937567893188,0.6114089641861462,0.10312149600318299,0.7480545698408305,0.07655177816321992
XGBoost,Validation,RandomUnderSampling,0.7,10602,15145,1.4285040558385211,0.706163530817654,0.05155493667528679,0.6669526056187004,0.09571144998230416,0.7508311023007204,0.0762964658138246
XGBoost,Validation,RandomUnderSampling,0.1,10602,106020,10.0,0.7445287226436132,0.05501140480343486,0.6154835942526271,0.10099588274624345,0.7442656366452811,0.07534061867871514
XGBoost,Validation,RandomUnderSampling,0.3,10602,35340,3.3333333333333335,0.7310886554432772,0.05441152457499501,0.6431481878618915,0.10033456005352961,0.7524701450653604,0.075234694560797
XGBoost,Validation,RandomUnderSampling,1.0,10602,10602,1.0,0.6928284641423207,0.05034295943098833,0.6815354921724212,0.09376014161380734,0.7485563468764107,0.07408696476731087
